<?xml version="1.0" encoding="UTF-8"?>
<project-private xmlns="http://www.netbeans.org/ns/project-private/1">
    <editor-bookmarks xmlns="http://www.netbeans.org/ns/editor-bookmarks/2" lastBookmarkId="0"/>
    <open-files xmlns="http://www.netbeans.org/ns/projectui-open-files/2">
        <group>
            <file>file:/C:/Users/olthek/Desktop/ap/web/token.jsp</file>
            <file>file:/C:/Users/olthek/Desktop/ap/src/java/pros.java</file>
            <file>file:/C:/Users/olthek/Desktop/ap/src/java/reg.java</file>
            <file>file:/C:/Users/olthek/Desktop/ap/web/FEDITBD.jsp</file>
            <file>file:/C:/Users/olthek/Desktop/ap/src/java/token.java</file>
            <file>file:/C:/Users/olthek/Desktop/ap/src/java/Conexion/Conexion.java</file>
            <file>file:/C:/Users/olthek/Desktop/ap/web/iniciosesion.html</file>
        </group>
    </open-files>
</project-private>
